[
    {
        "name": "北京市",
        "sub": [
            {
                "name": "东城区",
                "sub": [
                    {
                        "name": "南锣鼓巷"
                    },{
                        "name": "东单"
                    }
                ]
            },{
                "name": "西城区",
                "sub": [
                    {
                        "name": "灵境胡同"
                    },{
                        "name": "西单"
                    }
                ]
            }
        ]
    }, {
    "name": "河南省",
    "sub": [
        {
            "name": "郑州市",
            "sub": [
                {
                    "name": "中原区"
                },{
                    "name": "金水区"
                }
            ]
        },{
            "name": "驻马店市",
            "sub": [
                {
                    "name": "西平县"
                },{
                    "name": "泌阳县"
                }
            ]
        }
    ]
}
]